distance,Wind speed @ 1m
0,1
47.4,1
74.2,1
102.3,1
129.7,1
157.8,1
185.2,1
213.4,1
240.8,1
267.5,1
294.2,1
320.9,1
346.9,1
373,1
399.7,1
426.4,1
453.2,1
480.6,1
508.7,1
535.5,1
563.6,1
591,1
619.8,1
648,1
677.5,1
704.9,1
730.3,1
752.1,1
767.7,1
783.9,1
801.1,1
819.4,1
838.4,1
858.3,1
878.5,1
895.1,1
909.8,1
926.7,0.8228161799
939.3,0.8228161799
948.3,0.8228161799
962.7,0.8228161799
983.1,0.8228161799
1005.8,0.8228161799
1019.3,0.8228161799
1034.8,0.8228161799
1043.6,0.8228161799
1051.6,0.8228161799
1060.7,0.8228161799
1077.1,0.8228161799
1086.1,0.8228161799
1094.4,0.8228161799
1103.4,0.8228161799
1122.4,0.8228161799
1131.4,0.8228161799
1141.5,0.8228161799
1150.4,0.8228161799
1170.5,0.8228161799
1180.7,0.8228161799
1190.9,0.8228161799
1200.9,0.8228161799
1220.9,0.8228161799
1230.9,0.8228161799
1242.1,0.8228161799
1252.1,0.8228161799
1262.3,0.8228161799
1283.1,0.8228161799
1293.4,0.8228161799
1302.7,0.8228161799
1320.9,0.8228161799
1329.9,0.8228161799
1338.9,0.8228161799
1347,0.8228161799
1356,0.8228161799
1371.2,0.8228161799
1379.8,0.8228161799
1387,0.8228161799
1403.4,0.8228161799
1411.2,0.8228161799
1426.7,0.8228161799
1434.5,0.8228161799
1450.9,0.8228161799
1458.6,0.8228161799
1467.1,0.8228161799
1483.5,0.8228161799
1491.9,0.8228161799
1499.7,0.8228161799
1516.7,0.8228161799
1524.4,0.8228161799
1533.6,0.8228161799
1542.3,0.8228161799
1550,0.8228161799
1567,0.8228161799
1575.5,0.8228161799
1584.1,0.8228161799
1592.5,0.8228161799
1608.9,0.8228161799
1616.6,0.8228161799
1625.3,0.8228161799
1633,0.8228161799
1649.4,0.8228161799
1658,0.8228161799
1666.1,0.8228161799
1673.9,0.8228161799
1690.5,0.8228161799
1698.3,0.8228161799
1706.4,0.8228161799
1715,0.8228161799
1730.8,0.8228161799
1738.5,0.8228161799
1747.1,0.8228161799
1755.2,0.8228161799
1771.9,0.8228161799
1779.5,0.8228161799
1787.1,0.8228161799
1795,0.8228161799
1811.7,0.8228161799
1819.7,0.8228161799
1828,0.8228161799
1843.6,0.8228161799
1852.2,0.8228161799
1860.3,0.8228161799
1867.5,0.8228161799
1876.9,0.8228161799
1893.6,0.8228161799
1901.7,0.8228161799
1909.7,0.8228161799
1918.3,0.8228161799
1935,0.8228161799
1943.1,0.8228161799
1952.1,0.8228161799
1960.7,0.8228161799
1968.8,0.8228161799
1984.5,0.8228161799
1993.1,0.8228161799
2000.9,0.8228161799
2017.8,0.8228161799
2026.3,0.8228161799
2052.4,0.8228161799
2061.7,0.8228161799
2080.8,0.8228161799
2090.8,0.8228161799
2111.7,0.8228161799
2121.7,0.8228161799
2131.7,0.8228161799
2151.7,0.8228161799
2160.7,0.8228161799
2170.7,0.8228161799
2180.7,0.8228161799
2200.6,0.8228161799
2210.6,0.8228161799
2220.6,0.8228161799
2231.5,0.8228161799
2252.4,0.8228161799
2263.4,0.8228161799
2274.2,0.8228161799
2285.2,0.8228161799
2296.1,0.8228161799
2317.8,0.8228161799
2328.8,0.8228161799
2339.6,0.8228161799
2351.4,0.8228161799
2372.3,0.8228161799
2382.5,0.8228161799
2393.5,0.8228161799
2404,0.8228161799
2426.2,0.8228161799
2438,0.8228161799
2449.4,0.8228161799
2460.8,0.8228161799
2484,0.8228161799
2495.3,0.8228161799
2506,0.8228161799
2516.9,0.8228161799
2538.3,0.8228161799
2548.2,0.8228161799
2557.9,0.8228161799
2568.2,0.8228161799
2594,0.8228161799
2632.1,0.8228161799
2670.1,0.8228161799
2706.1,0.8228161799
2738,0.8228161799
2760.7,0.8228161799
2779.6,0.8228161799
2813.3,0.8228161799
2836.8,0.8228161799
2844.9,0.8228161799
2862.4,0.8228161799
2872.5,0.8228161799
2881.1,0.8228161799
2891.5,0.8228161799
2900.5,0.8228161799
2910,0.8228161799
2920,0.8228161799
2929.5,0.8228161799
2939,0.8228161799
2949.1,0.8228161799
2958.5,0.8228161799
2968,0.8228161799
2978.1,0.8228161799
2987.6,0.8228161799
2997.6,0.8228161799
3008.1,0.8228161799
3018.1,0.8228161799
3028.5,0.8228161799
3038,0.8228161799
3047.5,0.8228161799
3110.1,0.8228161799
3119.6,0.8228161799
3129.1,0.8228161799
3138.6,0.8228161799
3148.1,0.8228161799
3157.1,0.8228161799
3165.7,0.8228161799
3195.1,0.8228161799
3205.6,0.8228161799
3214.6,0.8228161799
3225,0.8228161799
3235.4,0.8228161799
3257.2,0.8228161799
3267.7,0.8228161799
3278.1,0.8228161799
3288.5,0.8228161799
3299.9,0.8228161799
3311.3,0.8228161799
3324.1,0.8228161799
3335.5,0.8228161799
3348.3,0.8228161799
3362.1,0.8228161799
3374.5,0.8228161799
3388.2,0.8228161799
3402,0.8228161799
3415.4,0.8228161799
3429.2,0.8228161799
3442.6,0.8228161799
3456.3,0.8228161799
3472.1,0.8228161799
3486.4,0.8228161799
3502.1,0.8228161799
3517.9,0.8228161799
3533.9,0.8228161799
3549.9,0.8228161799
3565.5,0.8228161799
3582.2,0.8228161799
3599,0.8228161799
3614.8,0.5693234419
3630.6,0.5693234419
3646.4,0.5693234419
3661.3,0.5693234419
3674.9,0.5693234419
3690.7,0.5693234419
3704.3,0.5693234419
3716.7,0.5693234419
3727.9,0.5693234419
3739.2,0.5693234419
3748.1,0.5693234419
3758.1,0.5693234419
3764.8,0.5693234419
3772.6,0.5693234419
3778.1,0.5693234419
3783.8,0.5693234419
3789.4,0.5693234419
3793.9,0.5693234419
3799.6,0.5693234419
3804.1,0.5693234419
3808.6,0.5693234419
3813.2,0.5693234419
3816.5,0.5693234419
3820,0.5693234419
3824.5,0.5693234419
3828,0.5693234419
3831.3,0.5693234419
3843,0.5693234419
3846.5,0.5693234419
3851,0.5693234419
3854.3,0.5693234419
3857.8,0.5693234419
3867.4,0.5693234419
3870.9,0.5693234419
3873.7,0.5693234419
3877.2,0.5693234419
3879.6,0.5693234419
3886.2,0.5693234419
3889.7,0.5693234419
3892.1,0.5693234419
3894.9,0.5693234419
3897.8,0.5693234419
3901.6,0.5693234419
3915.4,0.5693234419
3917.8,0.5693234419
3920.7,0.5693234419
3923.1,0.5693234419
3926.9,0.5693234419
3929.3,0.5693234419
3946.3,0.5693234419
3951.5,0.5693234419
3954.4,0.5693234419
3956.8,0.5693234419
3959.2,0.5693234419
3962.1,0.5693234419
3972.7,0.5693234419
3980.8,0.5693234419
3982.9,0.5693234419
3985.3,0.5693234419
3987.4,0.5693234419
3990.3,0.5693234419
3995.5,0.5693234419
3997.7,0.5693234419
4000.1,0.5693234419
4002.9,0.5693234419
4005.3,0.5693234419
4006.8,0.5693234419
4017.7,0.5693234419
4032.4,0.5693234419
4035.3,0.5693234419
4036.7,0.5693234419
4039.6,0.5693234419
4042.4,0.5693234419
4068.6,0.5693234419
4096.2,0.5693234419
4118,0.5693234419
4124.4,0.5693234419
4127.9,0.5693234419
4130.8,0.5693234419
4133.6,0.5693234419
4136,0.5693234419
4141.7,0.5693234419
4167.3,0.5693234419
4194.3,0.5693234419
4215.8,0.5693234419
4229.3,0.5693234419
4230.2,0.5693234419
4231.6,0.5693234419
4330,0.5693234419
4377.5,0.5693234419
4465.9,0.5693234419
4516.7,0.5693234419
4567.6,0.5693234419
4605.4,0.5693234419
4625.7,0.5693234419
4640.9,0.5693234419
4663.2,0.5693234419
4681,0.5693234419
4711.9,0.5693234419
4725.2,0.5693234419
4795.6,0.5693234419
4810.5,0.5693234419
4828.3,0.5693234419
4838.4,0.5693234419
4904,0.5693234419
4928.7,0.5693234419
4948.8,0.5693234419
4963.9,0.5693234419
4968.6,0.5693234419
4974.5,0.5693234419
4979.1,0.5693234419
4985.6,0.5693234419
4992,0.5693234419
4997.6,0.5693234419
5003.1,0.1766963777
5009.6,0.1766963777
5015.1,0.1766963777
5020.7,0.1766963777
5027.1,0.1766963777
5033.6,0.1766963777
5039.5,0.1766963777
5045.9,0.1766963777
5052.3,0.1766963777
5058.8,0.1766963777
5065.2,0.1766963777
5072,0.1766963777
5079.3,0.1766963777
5085.8,0.1766963777
5093.3,0.1766963777
5100.7,0.1766963777
5108,0.1766963777
5114.7,0.1766963777
5122.1,0.1766963777
5129.4,0.1766963777
5136.2,0.1766963777
5143.5,0.1766963777
5150.8,0.1766963777
5157.6,0.1766963777
5164.9,0.1766963777
5172.2,0.1766963777
5179,0.1766963777
5186.3,0.1766963777
5193.9,0.1766963777
5201.2,0.1766963777
5208.6,0.1766963777
5216.2,0.1766963777
5223.5,0.1766963777
5231.1,0.1766963777
5239.3,0.1766963777
5246.9,0.1766963777
5254.3,0.1766963777
5261.9,0.1766963777
5269.2,0.1766963777
5276.5,0.1766963777
5284.1,0.1766963777
5291.5,0.1766963777
5299,0.1766963777
5306.4,0.1766963777
5313.1,0.1766963777
5320.7,0.1766963777
5327.4,0.1766963777
5335.2,0.1766963777
5342.4,0.1766963777
5350.1,0.1766963777
5357.2,0.1766963777
5364.2,0.1766963777
5371.4,0.1766963777
5378.4,0.1766963777
5386.1,0.1766963777
5392.5,0.1766963777
5400.3,0.1766963777
5407.3,0.1766963777
5414.3,0.1766963777
5421.4,0.1766963777
5428.5,0.1766963777
5435.6,0.1766963777
5441.9,0.1766963777
5448.3,0.1766963777
5454.6,0.1766963777
5461.7,0.1766963777
5468,0.1766963777
5475.2,0.1766963777
5481.6,0.1766963777
5487.9,0.1766963777
5495,0.1766963777
5500.6,0.1766963777
5506.9,0.1766963777
5513.3,0.1766963777
5520.3,0.1766963777
5526.7,0.1766963777
5533.7,0.1766963777
5539.3,0.1766963777
5545.7,0.1766963777
5552,0.1766963777
5558.4,0.1766963777
5564.7,0.1766963777
5570.4,0.1766963777
5576.7,0.1766963777
5583.1,0.1766963777
5589.4,0.1766963777
5595.8,0.1766963777
5602.1,0.1766963777
5608.5,0.1766963777
5615.1,0.1766963777
5620.9,0.1766963777
5627.2,0.1766963777
5632.4,0.1766963777
5639.1,0.1766963777
5644.8,0.1766963777
5650,0.1766963777
5655.8,0.1766963777
5661.5,0.1766963777
5666.7,0.1766963777
5671.6,0.1766963777
5676.9,0.1766963777
5682.1,0.1766963777
5687,0.1766963777
5692.2,0.1766963777
5697.4,0.1766963777
5703.2,0.1766963777
5708.4,0.1766963777
5714.1,0.1766963777
5719.3,0.1766963777
5723.6,0.1766963777
5729.4,0.1766963777
5734.6,0.1766963777
5739.8,0.1766963777
5744.1,0.1766963777
5747.9,0.1766963777
5752.2,0.1766963777
5756,0.1766963777
5760.3,0.1766963777
5764.1,0.1766963777
5767.6,0.1766963777
5771.4,0.1766963777
5775.2,0.1766963777
5779.5,0.1766963777
5783.8,0.1766963777
5788.1,0.1766963777
5792.4,0.1766963777
5797.4,0.1766963777
5802.3,0.1766963777
5806.6,0.1766963777
5810.9,0.1766963777
5814.4,0.1766963777
5819.4,0.1766963777
5823.2,0.1766963777
5828.3,0.1766963777
5832.1,0.1766963777
5836.7,0.1766963777
5840.5,0.1766963777
5844.3,0.1766963777
5847,0.1766963777
5851.7,0.1766963777
5855.5,0.1766963777
5859.1,0.1766963777
5862.8,0.1766963777
5866.4,0.1766963777
5869.3,0.1766963777
5873.1,0.1766963777
5875.8,0.1766963777
5880.5,0.1766963777
5884.1,0.1766963777
5887.9,0.1766963777
5891.6,0.1766963777
5895.2,0.1766963777
5899,0.1766963777
5902.8,0.1766963777
5906.6,0.1766963777
5911.1,0.1766963777
5914.9,0.1766963777
5919.6,0.1766963777
5923.2,0.1766963777
5927,0.1766963777
5930.6,0.1766963777
5934.4,0.1766963777
5939.1,0.1766963777
5942,0.1766963777
5946.7,0.1766963777
5950.3,0.1766963777
5954.1,0.1766963777
5959.2,0.1766963777
5962.8,0.1766963777
5966.6,0.1766963777
5970.2,0.1766963777
5974,0.1766963777
5977.6,0.1766963777
5981.4,0.1766963777
5985.2,0.1766963777
5988.8,0.1766963777
5993.4,0.1766963777
5998,0.1766963777
6002.7,0.1766963777
6007.2,0.1766963777
6011.9,0.1766963777
6016.6,0.1766963777
6021.1,0.1766963777
6026.7,0.1766963777
6031.2,0.1766963777
6036.8,0.1766963777
6042.3,0.1766963777
6046.8,0.1766963777
6052.4,0.1766963777
6058,0.1766963777
6063.5,0.1766963777
6069.1,0.1766963777
6074.5,0.1766963777
6080.1,0.1766963777
6085.5,0.1766963777
6091.9,0.1766963777
6097.4,0.1766963777
6102.9,0.1766963777
6109.4,0.1766963777
6115.8,0.1766963777
6122.3,0.1766963777
6127.8,0.1766963777
6134.3,0.1766963777
6139.8,0.1766963777
6145.7,0.1766963777
6152.2,0.1766963777
6159.7,0.1766963777
6167.1,0.1766963777
6174.4,0.1766963777
6181.8,0.1766963777
6189.1,0.1766963777
6196.4,0.1766963777
6204,0.1766963777
6211.4,0.1766963777
6219,0.1766963777
6227.2,0.1766963777
6234.5,0.1766963777
6242.1,0.1766963777
6250.6,0.1766963777
6258.8,0.1766963777
6268.2,0.1766963777
6276.6,0.1766963777
6284.9,0.1766963777
6293.3,0.1766963777
6303,0.1766963777
6311.4,0.1766963777
6320.8,0.1766963777
6330.4,0.1766963777
6339.8,0.1766963777
6349.1,0.1766963777
6358.5,0.1766963777
6366.9,0.1766963777
6376.2,0.1766963777
6385.6,0.1766963777
6394.9,0.1766963777
6403.4,0.1766963777
6412.7,0.1766963777
6422.1,0.1766963777
6431.4,0.1766963777
6440.7,0.1766963777
6449.2,0.1766963777
6458.5,0.1766963777
6467.7,0.1766963777
6477,0.1766963777
6486.3,0.1766963777
6495.7,0.1766963777
6504.8,0.1766963777
6513.3,0.1766963777
6522.6,0.1766963777
6532,0.1766963777
6540.4,0.1766963777
6548.9,0.1766963777
6557.1,0.1766963777
6566.5,0.1766963777
6574.9,0.1766963777
6583.1,0.1766963777
6591.6,0.1766963777
6599.2,0.1766963777
6607.7,0.1766963777
6615.9,0.1766963777
6625,0.1766963777
6633.3,0.1766963777
6641.5,0.1766963777
6649.7,0.1766963777
6657.9,0.1766963777
6666.1,0.1766963777
6675.2,0.1766963777
6683.4,0.1766963777
6691.6,0.1766963777
6699.8,0.1766963777
6707.1,0.1766963777
6715.3,0.1766963777
6722.5,0.1766963777
6729.8,0.1766963777
6737,0.1766963777
6745.2,0.1766963777
6751.5,0.1766963777
6759.7,0.1766963777
6767,0.1766963777
6775.2,0.1766963777
6782.5,0.1766963777
6789.8,0.1766963777
6797.1,0.1766963777
6805.2,0.1766963777
6812.5,0.1766963777
6820.7,0.1766963777
6828.9,0.1766963777
6837.2,0.1766963777
6845.4,0.1766963777
6852.8,0.1766963777
6861,0.1766963777
6868.3,0.1766963777
6875.6,0.1766963777
6882.8,0.1766963777
6889.3,0.1766963777
6896.5,0.1766963777
6902.9,0.1766963777
6910.2,0.1766963777
6917.5,0.1766963777
6923.8,0.1766963777
6931.2,0.1766963777
6937.5,0.1766963777
6943.9,0.1766963777
6950.3,0.1766963777
6956.7,0.1766963777
6963.1,0.1766963777
6969.5,0.1766963777
6975.8,0.1766963777
6981.4,0.1766963777
6987.7,0.1766963777
6994.1,0.1766963777
7000.4,0.1766963777
7006,0.1766963777
7012.3,0.1766963777
7018.7,0.1766963777
7025,0.1766963777
7031.4,0.1766963777
7037.7,0.1766963777
7044.1,0.1766963777
7052.2,0.1766963777
7059.5,0.1766963777
7067.6,0.1766963777
7075.8,0.1766963777
7083.1,0.1766963777
7091.3,0.1766963777
7098.6,0.1766963777
7105.8,0.1766963777
7113.1,0.1766963777
7119.4,0.1766963777
7125.8,0.1766963777
7133,0.1766963777
7139.5,0.1766963777
7146.7,0.1766963777
7153.1,0.1766963777
7159.4,0.1766963777
7166.7,0.1766963777
7173,0.1766963777
7180.3,0.1766963777
7186.7,0.1766963777
7193.2,0.1766963777
7199.6,0.1766963777
7206.9,0.1766963777
7213.7,0.1766963777
7220.1,0.1766963777
7226.6,0.1766963777
7233.3,0.1766963777
7239.7,0.1766963777
7245.6,0.1766963777
7252.3,0.1766963777
7258.2,0.1766963777
7263.2,0.1766963777
7269.6,0.1766963777
7274.6,0.1766963777
7279.6,0.1766963777
7284.6,0.1766963777
7290.3,0.1766963777
7294.9,0.1766963777
7300,0.1766963777
7305,0.1766963777
7310.1,0.1766963777
7315.1,0.1766963777
7321.5,0.1766963777
7326.6,0.1766963777
7332.2,0.1766963777
7337.2,0.1766963777
7342.3,0.1766963777
7346.5,0.1766963777
7351.2,0.1766963777
7355,0.1766963777
7359.7,0.1766963777
7363.9,0.1766963777
7369,0.1766963777
7371.9,0.1766963777
7375.7,0.1766963777
7380.4,0.1766963777
7385,0.1766963777
7389.7,0.1766963777
7394.8,0.1766963777
7400.4,0.1766963777
7406.3,0.1766963777
7412.7,0.1766963777
7418.6,0.1766963777
7425.3,0.1766963777
7432.9,0.1766963777
7441.4,0.1766963777
7450.5,0.1766963777
7459,0.1766963777
7467.2,0.1766963777
7475.4,0.1766963777
7484.6,0.1766963777
7493.7,0.1766963777
7501.9,0.1766963777
7510.1,0.1766963777
7518.4,0.1766963777
7526.6,0.1766963777
7534.8,0.1766963777
7543.1,0.1766963777
7551.3,0.1766963777
7559.5,0.1766963777
7567.1,0.1766963777
7574.5,0.1766963777
7582.7,0.1766963777
7590.3,0.1766963777
7598.5,0.1766963777
7606.1,0.1766963777
7613.5,0.1766963777
7621.9,0.1766963777
7629.2,0.1766963777
7637.4,0.1766963777
7644.8,0.1766963777
7652.1,0.1766963777
7659.4,0.1766963777
7667.6,0.1766963777
7675.8,0.1766963777
7683,0.1766963777
7690.3,0.1766963777
7697.6,0.1766963777
7704.9,0.1766963777
7713.1,0.1766963777
7721.3,0.1766963777
7728.5,0.1766963777
7736.8,0.1766963777
7744,0.1766963777
7751.3,0.1766963777
7759.4,0.1766963777
7766.7,0.1766963777
7773.1,0.1766963777
7780.5,0.1766963777
7786.8,0.1766963777
7794.2,0.1766963777
7801.5,0.1766963777
7808.8,0.1766963777
7816.1,0.1766963777
7822.5,0.1766963777
7829.9,0.1766963777
7837.1,0.1766963777
7845.4,0.1766963777
7852.7,0.1766963777
7860,0.1766963777
7866.5,0.1766963777
7873.7,0.1766963777
7881,0.1766963777
7887.4,0.1766963777
7894.7,0.1766963777
7902,0.1766963777
7910.3,0.1766963777
7916.7,0.1766963777
7923.2,0.1766963777
7930.5,0.1766963777
7936.1,0.1766963777
7942.5,0.1766963777
7948.9,0.1766963777
7955.2,0.1766963777
7961.6,0.1766963777
7967.9,0.1766963777
7973.3,0.1766963777
7979.7,0.1766963777
7986,0.1766963777
7993.4,0.1766963777
7998.8,0.1766963777
8004.4,0.1766963777
8010.8,0.1766963777
8016.3,0.1766963777
8022.6,0.1766963777
8029,0.1766963777
8035.3,0.1766963777
8041.7,0.1766963777
8048.9,0.1766963777
8058,0.1766963777
8067.1,0.1766963777
8076.3,0.1766963777
8086.2,0.1766963777
8095.4,0.1766963777
8103.6,0.1766963777
8112.7,0.1766963777
8120.9,0.1766963777
8129.1,0.1766963777
8136.5,0.1766963777
8144.6,0.1766963777
8152.9,0.1766963777
8160.1,0.1766963777
8168.3,0.1766963777
8176.5,0.1766963777
8183.8,0.1766963777
8191.1,0.1766963777
8198.4,0.1766963777
8205.6,0.1766963777
8213.8,0.1766963777
8221.1,0.1766963777
8228.3,0.1766963777
8235.7,0.1766963777
8242.9,0.1766963777
8250.2,0.1766963777
8256.6,0.1766963777
8263.9,0.1766963777
8272,0.1766963777
8278.5,0.1766963777
8285.7,0.1766963777
8293,0.1766963777
8299.4,0.1766963777
8306.8,0.1766963777
8314,0.1766963777
8321.4,0.1766963777
8327.7,0.1766963777
8334.2,0.1766963777
8341.4,0.1766963777
8348.7,0.1766963777
8355,0.1766963777
8362.4,0.1766963777
8368.8,0.1766963777
8375.1,0.1766963777
8381.6,0.1766963777
8388.9,0.1766963777
8394.4,0.1766963777
8400.8,0.1766963777
8406.3,0.1766963777
8412.7,0.1766963777
8420,0.1766963777
8426.4,0.1766963777
8432.8,0.1766963777
8440.2,0.1766963777
8446.5,0.1766963777
8453,0.1766963777
8460.3,0.1766963777
8466.7,0.1766963777
8473,0.1766963777
8479.4,0.1766963777
8485.8,0.1766963777
8492.2,0.1766963777
8499.5,0.1766963777
8505.8,0.1766963777
8511.3,0.1766963777
8517.6,0.1766963777
8524,0.1766963777
8530.4,0.1766963777
8536.8,0.1766963777
8543.2,0.1766963777
8550.5,0.1766963777
8557.7,0.1766963777
8564.2,0.1766963777
8571.5,0.1766963777
8578,0.1766963777
8584.4,0.1766963777
8590.8,0.1766963777
8597.2,0.1766963777
8603.6,0.1766963777
8609.9,0.1766963777
8616.3,0.1766963777
8623.6,0.1766963777
8630.9,0.1766963777
8637.3,0.1766963777
8644.5,0.1766963777
8651.8,0.1766963777
8658.2,0.1766963777
8664.7,0.1766963777
8672,0.1766963777
8678.5,0.1766963777
8685.8,0.1766963777
8693.2,0.1766963777
8699.6,0.1766963777
8706.9,0.1766963777
8714.2,0.1766963777
8721.5,0.1766963777
8728.9,0.1766963777
8737.3,0.1766963777
8744.7,0.1766963777
8752.9,0.1766963777
8760.3,0.1766963777
8767.6,0.1766963777
8775.8,0.1766963777
8783.1,0.1766963777
8790.3,0.1766963777
8798.6,0.1766963777
8805.8,0.1766963777
8814,0.1766963777
8821.3,0.1766963777
8829.5,0.1766963777
8836.8,0.1766963777
8844.1,0.1766963777
8852.3,0.1766963777
8859.6,0.1766963777
8866.9,0.1766963777
8875.1,0.1766963777
8882.4,0.1766963777
8889.8,0.1766963777
8897.1,0.1766963777
8905.3,0.1766963777
8912.6,0.1766963777
8920,0.1766963777
8927.3,0.1766963777
8934.9,0.1766963777
8942.2,0.1766963777
8949.6,0.1766963777
8957.2,0.1766963777
8964.7,0.1766963777
8971.2,0.1766963777
8978.8,0.1766963777
8986.1,0.1766963777
8992.8,0.1766963777
8999.6,0.1766963777
9006.9,0.1766963777
9013.6,0.1766963777
9020.1,0.1766963777
9027.4,0.1766963777
9034.1,0.1766963777
9040.6,0.1766963777
9048.2,0.1766963777
9054.6,0.1766963777
9061.1,0.1766963777
9067.8,0.1766963777
9074.2,0.1766963777
9080.7,0.1766963777
9087.4,0.1766963777
9094.1,0.1766963777
9100.6,0.1766963777
9107.3,0.1766963777
9113.8,0.1766963777
9120.2,0.1766963777
9126.9,0.1766963777
9134.3,0.1766963777
9140.7,0.1766963777
9147.2,0.1766963777
9152.7,0.1766963777
9159.2,0.1766963777
9165,0.1766963777
9171.5,0.1766963777
9177,0.1766963777
9182.9,0.1766963777
9189.4,0.1766963777
9194.8,0.1766963777
9201.2,0.1766963777
9206.8,0.1766963777
9213.5,0.1766963777
9219.1,0.1766963777
9225.5,0.1766963777
9232.3,0.1766963777
9237.8,0.1766963777
9244.5,0.1766963777
9251,0.1766963777
9256.9,0.1766963777
9263.3,0.1766963777
9268.9,0.1766963777
9275.3,0.1766963777
9280.9,0.1766963777
9287.6,0.1766963777
9293.1,0.1766963777
9299.6,0.1766963777
9306.3,0.1766963777
9311.9,0.1766963777
9318.3,0.1766963777
9323.9,0.1766963777
9330.6,0.1766963777
9336.1,0.1766963777
9342.6,0.1766963777
9349,0.1766963777
9354.6,0.1766963777
9360.5,0.1766963777
9366.9,0.1766963777
9372.5,0.1766963777
9378.9,0.1766963777
9384.8,0.1766963777
9391.2,0.1766963777
9396.8,0.1766963777
9403.5,0.1766963777
9409.1,0.1766963777
9415.5,0.1766963777
9421.1,0.1766963777
9426.6,0.1766963777
9432.2,0.1766963777
9438.9,0.1766963777
9444.5,0.1766963777
9450,0.1766963777
9455.6,0.1766963777
9462,0.1766963777
9467.6,0.1766963777
9473.1,0.1766963777
9479.8,0.1766963777
9485.4,0.1766963777
9491,0.1766963777
9497.4,0.1766963777
9503.3,0.1766963777
9508.8,0.1766963777
9515.3,0.1766963777
9520.8,0.1766963777
9526.4,0.1766963777
9531.9,0.1766963777
9538.4,0.1766963777
9543.9,0.1766963777
9549.5,0.1766963777
9555.4,0.1766963777
9561.7,0.1766963777
9567.3,0.1766963777
9572.7,0.1766963777
9579.2,0.1766963777
9584.6,0.1766963777
9590.2,0.1766963777
9596.6,0.1766963777
9602,0.1766963777
9608.5,0.1766963777
9613.9,0.1766963777
9619.5,0.1766963777
9624,0.1766963777
9629.6,0.1766963777
9635.1,0.1766963777
9641,0.1766963777
9646.9,0.1766963777
9652.8,0.1766963777
9658.6,0.1766963777
9664.5,0.1766963777
9670.9,0.1766963777
9676.8,0.1766963777
9681.8,0.1766963777
9692,0.1766963777
9696.9,0.1766963777
9701.4,0.1766963777
9705.9,0.1766963777
9710.7,0.1766963777
9714.5,0.1766963777
9720.3,0.1766963777
9724.6,0.1766963777
9728.8,0.1766963777
9733.8,0.1766963777
9737.3,0.1766963777
9740.8,0.1766963777
9745,0.1766963777
9748,0.1766963777
9751.5,0.1766963777
9754.4,0.1766963777
9757.9,0.1766963777
9760.9,0.1766963777
9763.8,0.1766963777
9767.3,0.1766963777
9770.3,0.1766963777
9772.4,0.1766963777
9775.9,0.1766963777
9778,0.1766963777
9781,0.1766963777
9783.1,0.1766963777
9786,0.1766963777
9788.1,0.1766963777
9790.2,0.1766963777
9792.6,0.1766963777
9795,0.1766963777
9797.3,0.1766963777
9799.5,0.1766963777
9801.7,0.1766963777
9804.1,0.1766963777
9806.5,0.1766963777
9808.9,0.1766963777
9811,0.1766963777
9813.9,0.1766963777
9816,0.1766963777
9818.9,0.1766963777
9821,0.1766963777
9823.9,0.1766963777
9827.4,0.1766963777
9830.3,0.1766963777
9832.4,0.1766963777
9835.4,0.1766963777
9838.2,0.1766963777
9841.2,0.1766963777
9844,0.1766963777
9847,0.1766963777
9849.1,0.1766963777
9852,0.1766963777
9855,0.1766963777
9857.9,0.1766963777
9860.1,0.1766963777
9863.6,0.1766963777
9865.7,0.1766963777
9867.8,0.1766963777
9870,0.1766963777
9872.1,0.1766963777
9875.6,0.1766963777
9878.5,0.1766963777
9880.7,0.1766963777
9884.2,0.1766963777
9886.3,0.1766963777
9889.8,0.1766963777
9892.8,0.1766963777
9895.6,0.1766963777
9898.5,0.1766963777
9902,0.1766963777
9904.4,0.1766963777
9907.3,0.1766963777
9910.1,0.1766963777
9913,0.1766963777
9915.9,0.1766963777
9918.3,0.1766963777
9920.7,0.1766963777
9924.1,0.1766963777
9927.6,0.1766963777
9930,0.1766963777
9933.3,0.1766963777
9935.7,0.1766963777
9939.2,0.1766963777
9941.4,0.1766963777
9944.9,0.1766963777
9948.2,0.1766963777
9950.4,0.1766963777
9953.8,0.1766963777
9956.2,0.1766963777
9959.5,0.1766963777
9961.7,0.1766963777
9964.1,0.1766963777
9966.5,0.1766963777
9968.9,0.1766963777
9971.3,0.1766963777
9974.2,0.1766963777
9977.7,0.1766963777
9980.6,0.1766963777
9983.5,0.1766963777
9987.8,0.1766963777
9991.3,0.1766963777
9994.8,0.1766963777
9998.6,0.1766963777
10002.1,0.1766963777
10005.6,0.1766963777
10008.6,0.1766963777
10012.4,0.1766963777
10016.2,0.1766963777
10019.1,0.1766963777
10022.9,0.1766963777
10026.7,0.1766963777
10029.4,0.1766963777
10033,0.1766963777
10036,0.1766963777
10039.8,0.1766963777
10042.5,0.1766963777
10046.3,0.1766963777
10049.2,0.1766963777
10052.8,0.1766963777
10056.5,0.1766963777
10059.4,0.1766963777
10063,0.1766963777
10066,0.1766963777
10069.6,0.1766963777
10073.4,0.1766963777
10076.1,0.1766963777
10079.9,0.1766963777
10084.6,0.1766963777
10089.1,0.1766963777
10092.9,0.1766963777
10097.6,0.1766963777
10102.2,0.1766963777
10106.8,0.1766963777
10113.2,0.1766963777
10118.8,0.1766963777
10125.2,0.1766963777
10130.8,0.1766963777
10137.2,0.1766963777
10143.7,0.1766963777
10150,0.1766963777
10156.5,0.1766963777
10163.8,0.1766963777
10171.1,0.1766963777
10178.5,0.1766963777
10185.8,0.1766963777
10193.2,0.1766963777
10200.4,0.1766963777
10207.8,0.1766963777
10215.1,0.1766963777
10223.3,0.1766963777
10230.7,0.1766963777
10238.9,0.1766963777
10246.3,0.1766963777
10254.5,0.1766963777
10261.8,0.1766963777
10271,0.1766963777
10281,0.1766963777
10289.2,0.1766963777
10296.5,0.1766963777
10304.1,0.1766963777
10312.1,0.1766963777
10320.1,0.1766963777
10327.8,0.1766963777
10335.6,0.1766963777
10342.7,0.1766963777
10351.9,0.1766963777
10359.6,0.1766963777
10366.7,0.1766963777
10374.4,0.1766963777
10382.2,0.1766963777
10389.9,0.1766963777
10397,0.1766963777
10404,0.1766963777
10415.7,0.1766963777
10464,0.1766963777
10503.7,0.1766963777
10538.7,0.1766963777
10574.4,0.1766963777
10606.1,0.5693234419
10697.6,0.5693234419
10789.1,0.5693234419
10880.5,0.5693234419
10972,0.5693234419
11010.4,0.5693234419
11048.6,0.5693234419
11059.2,0.5693234419
11073.5,0.5693234419
11107.1,0.5693234419
11134.2,0.5693234419
11151.5,0.5693234419
11172.6,0.5693234419
11188.7,0.5693234419
11243.3,0.5693234419
11297.9,0.5693234419
11327.7,0.5693234419
11349,0.5693234419
11428.4,0.5693234419
11507.9,0.5693234419
11569.8,0.5693234419
11618.1,0.5693234419
11672.6,0.5693234419
11727.2,0.5693234419
11752.6,0.5693234419
11778.1,0.5693234419
11819.8,0.5693234419
11872.7,0.5693234419
11925.5,0.5693234419
11952.8,0.5693234419
12009.7,0.5693234419
12084,0.5693234419
12156.8,0.5693234419
12239.9,0.5693234419
12323,0.5693234419
12394.6,0.5693234419
12441.5,0.5693234419
12513.6,0.5693234419
12534.4,0.5693234419
12560,0.5693234419
12648.4,0.5693234419
12734.9,0.5693234419
12825.7,0.5693234419
12913.1,0.5693234419
13000.5,0.5693234419
13053.2,0.5693234419
13105.8,0.5693234419
13139,0.5693234419
13170.9,0.5693234419
13213.5,0.5693234419
13292,0.5693234419
13370.5,0.5693234419
13430.9,0.5693234419
13486.3,0.5693234419
13562.7,0.5693234419
13636.3,0.5693234419
13709.9,0.5693234419
13801.1,0.5693234419
13892.2,0.5693234419
13983.4,0.5693234419
14074.6,0.5693234419
14165.8,0.5693234419
14257,0.5693234419
14323.3,0.5693234419
14389.6,0.5693234419
14426.7,0.5693234419
14494,0.5693234419
14558.1,0.5693234419
14622.2,0.5693234419
14702.1,0.5693234419
14782,0.5693234419
14836.4,0.5693234419
14846.3,0.5693234419
14863.9,0.5693234419
14882.5,0.5693234419
14945.5,0.5693234419
15004.2,0.5693234419
15017.2,0.5693234419
15029.6,0.5693234419
15090.8,0.5693234419
15145.6,0.8228161799
15155.6,0.8228161799
15182.3,0.8228161799
15190.1,0.8228161799
15198.7,0.8228161799
15205.9,0.8228161799
15213,0.8228161799
15237,0.8228161799
15254.7,0.8228161799
15263.2,0.8228161799
15272.3,0.8228161799
15280.8,0.8228161799
15290,0.8228161799
15333.7,0.8228161799
15397.7,0.8228161799
15451.3,0.8228161799
15461.1,0.8228161799
15481.1,0.8228161799
15491.6,0.8228161799
15502.9,0.8228161799
15513.4,0.8228161799
15524.7,0.8228161799
15535.2,0.8228161799
15545.7,0.8228161799
15555.6,0.8228161799
15564.1,0.8228161799
15571.9,0.8228161799
15577.5,0.8228161799
15581.8,0.8228161799
15585.6,0.8228161799
15588.9,0.8228161799
15603,0.8228161799
15606.5,0.8228161799
15619.3,0.8228161799
15622.6,0.8228161799
15631.6,0.8228161799
15638.8,0.8228161799
15660.3,0.8228161799
15710.2,0.8228161799
15716,0.8228161799
15735.7,0.8228161799
15740.9,0.8228161799
15745.2,0.8228161799
15750.4,0.8228161799
15756.1,0.8228161799
15761.9,0.8228161799
15798.9,0.8228161799
15825.6,0.8228161799
15830.8,0.8228161799
15836,0.8228161799
15856.8,0.8228161799
15886.4,0.8228161799
15892.2,0.8228161799
15899.1,0.8228161799
15905.9,0.8228161799
15912.8,0.8228161799
15919.5,0.8228161799
15926.3,0.8228161799
15932.9,0.8228161799
15939.6,0.8228161799
15945.2,0.8228161799
15952,0.8228161799
15965,0.8228161799
15970.9,0.8228161799
15976.7,0.8228161799
15983.4,0.8228161799
15989.1,0.8228161799
16002,0.8228161799
16019.6,0.8228161799
16026,0.8228161799
16031.6,0.8228161799
16041.7,0.8228161799
16046.8,0.8228161799
16051,0.8228161799
16056.1,0.8228161799
16060.3,0.8228161799
16064.1,0.8228161799
16068.4,0.8228161799
16071.9,0.8228161799
16076.1,0.8228161799
16079.9,0.8228161799
16083.7,0.8228161799
16088.8,0.8228161799
16092.6,0.8228161799
16096.4,0.8228161799
16100,0.8228161799
16104.7,0.8228161799
16108.3,0.8228161799
16122.8,0.8228161799
16127.4,0.8228161799
16131,0.8228161799
16134.6,0.8228161799
16139.2,0.8228161799
16147.4,0.8228161799
16151,0.8228161799
16154.6,0.8228161799
16159.2,0.8228161799
16162.8,0.8228161799
16167.5,0.8228161799
16184.7,0.8228161799
16188.5,0.8228161799
16193.1,0.8228161799
16196.7,0.8228161799
16200.3,0.8228161799
16208.5,0.8228161799
16213.1,0.8228161799
16216.7,0.8228161799
16220.5,0.8228161799
16225,0.8228161799
16233.2,0.8228161799
16236.8,0.8228161799
16241.4,0.8228161799
16245.2,0.8228161799
16248.8,0.8228161799
16256.9,0.8228161799
16260.6,0.8228161799
16265.2,0.8228161799
16268.9,0.8228161799
16272.5,0.8228161799
16284.3,0.8228161799
16288.9,0.8228161799
16292.6,0.8228161799
16296.2,0.8228161799
16299.8,0.8228161799
16304.5,0.8228161799
16308.1,0.8228161799
16311.7,0.8228161799
16315.4,0.8228161799
16319.9,0.8228161799
16335.4,0.8228161799
16339.9,0.8228161799
16343.5,0.8228161799
16348.1,0.8228161799
16351.7,0.8228161799
16359.9,0.8228161799
16364.4,0.8228161799
16368.1,0.8228161799
16372.6,0.8228161799
16376.2,0.8228161799
16398,0.8228161799
16402.6,0.8228161799
16406.2,0.8228161799
16410.7,0.8228161799
16415.4,0.8228161799
16423.6,0.8228161799
16427.2,0.8228161799
16431,0.8228161799
16434.8,0.8228161799
16438.6,0.8228161799
16450,0.8228161799
16453.8,0.8228161799
16457.3,0.8228161799
16465.1,0.8228161799
16475.7,0.8228161799
16496.8,0.8228161799
16499,0.8228161799
16500.1,0.8228161799
16507.7,0.8228161799
16516.3,0.8228161799
16538.4,0.8228161799
16561.3,0.8228161799
16568,0.8228161799
16573.7,0.8228161799
16579.5,0.8228161799
16586.1,0.8228161799
16604.2,0.8228161799
16643.6,0.8228161799
16650.2,0.8228161799
16656.6,0.8228161799
16663.2,0.8228161799
16670.4,0.8228161799
16678,0.8228161799
16683.8,0.8228161799
16712.4,0.8228161799
16740,0.8228161799
16769.3,0.8228161799
16816.4,0.8228161799
16825,0.8228161799
16832.1,0.8228161799
16840.8,0.8228161799
16847.9,0.8228161799
16884.7,0.8228161799
16898.1,0.8228161799
16912.5,0.8228161799
16928.9,0.8228161799
16978.1,0.8228161799
16983.5,0.8228161799
16994,0.8228161799
17006.1,0.8228161799
17011,0.8228161799
17022.3,0.8228161799
17037.8,0.8228161799
17042.7,0.8228161799
17046.5,0.8228161799
17050.8,0.8228161799
17055.7,0.8228161799
17064.1,0.8228161799
17068.4,0.8228161799
17073.7,0.8228161799
17078,0.8228161799
17082.3,0.8228161799
17087.5,0.8228161799
17091.8,0.8228161799
17097,0.8228161799
17099.9,0.8228161799
17105.1,0.8228161799
17109.4,0.8228161799
17113.2,0.8228161799
17118.4,0.8228161799
17122.7,0.8228161799
17127,0.8228161799
17131.3,0.8228161799
17135.6,0.8228161799
17139.9,0.8228161799
17144.2,0.8228161799
17148.5,0.8228161799
17152.8,0.8228161799
17157.1,0.8228161799
17161.4,0.8228161799
17169.8,0.8228161799
17174.1,0.8228161799
17177.6,0.8228161799
17186.8,0.8228161799
17198.1,0.8228161799
17201.6,0.8228161799
17205.9,0.8228161799
17220.7,0.8228161799
17235.5,0.8228161799
17249,0.8228161799
17264.6,0.8228161799
17277.9,0.8228161799
17292.7,0.8228161799
17308.2,1
17323.6,1
17340,1
17354.7,1
17370.1,1
17385.5,1
17401.9,1
17418.2,1
17434.5,1
17451.8,1
17469,1
17487.3,1
17503.9,1
17521.5,1
17537.7,1
17554.8,1
17575.8,1
17598.5,1
17611.1,1
17623.1,1
17634.3,1
17647,1
17658.3,1
17669.5,1
17682.2,1
17694.1,1
17706.1,1
17718.7,1
17731.4,1
17744,1
17756.7,1
17769.3,1
17782,1
17795.3,1
17808,1
17821.4,1
17834,1
17848.1,1
17860.7,1
17874.1,1
17886.7,1
17900.8,1
17913.4,1
17926.8,1
17939.5,1
17952.8,1
17966.2,1
17978.1,1
17991.5,1
18004.9,1
18017.5,1
18030.9,1
18043.5,1
18056.9,1
18068.9,1
18081.5,1
18094.2,1
18106.9,1
18119.5,1
18132.9,1
18144.8,1
18157.5,1
18169.4,1
18182.1,1
18194,1
18206.7,1
18217.9,1
18228.5,1
18238.3,1
18246.8,1
18255.3,1
18263.7,1
18271.5,1
18277.3,1
18284.9,1
18291.3,1
18298.9,1
18306.6,1
18316.1,1
18325.7,1
18338,1
18350.3,1
18363.8,1
18378.5,1
18394.3,1
18410,1
18427.1,1
18444.1,1
18462,1
18480,1
18498.1,1
18516.2,1
18534.8,1
18554.4,1
18573,1
18591.7,1
18610.3,1
18629,1
18647.1,1
18666.3,1
18684.1,1
18701.3,1
18718.5,1
18735.7,1
18751.5,1
18766.8,1
18781.7,1
18796,1
18811.3,1
18825.1,1
18838.3,1
18851.7,1
18865.5,1
18878.9,1
18891.7,1
18905.1,1
18918.8,1
18934.5,1
18948.3,1
18963.5,1
18978.6,1
18994.8,1
19010.6,1
19025.7,1
19042.8,1
19058.6,1
19074.2,1
19090.9,1
19107.7,1
19123.7,1
19140.2,1
19156.3,1
19173.9,1
19190.3,1
19207.2,1
19222.8,1
19238.4,1
19254.8,1
19269.6,1
19284.3,1
19298,1
19310.9,1
19325.2,1
19337.8,1
19350.5,1
19362.5,1
19373.8,1
19385.2,1
19396.2,1
19406.6,1
19417.5,1
19427.9,1
19438.4,1
19448.4,1
19457.9,1
19467.4,1
19476.9,1
19485.9,1
19495.4,1
19504.9,1
19513,1
19522.8,1
19531.3,1
19539.2,1
19548.9,1
19558.9,1
19568.3,1
19578.9,1
19589.6,1
19601,1
19612.4,1
19624.4,1
19637.5,1
19649.2,1
19661.5,1
19675,1
19688.3,1
19701.7,1
19715.1,1
19729.7,1
19743.1,1
19756.7,1
19770.2,1
19785.9,1
19799.3,1
19814.9,1
19829.3,1
19843.8,1
19858.3,1
19872.9,1
19888.9,1
19903.3,1
19918,1
19934.2,1
19949.4,1
19964.6,1
19980.8,1
19995.5,1
20010.7,1
20027.3,1
20043.5,1
20059.1,1
20075.3,1
20092.5,1
20110.1,1
20127,1
20144.6,1
20162.8,1
20181.2,1
20199.5,1
20215.8,1
20234,1
20250.9,1
20266.4,1
20283.3,1
20298.8,1
20312.9,1
20327,1
20339.6,1
20351.1,1
20362.3,1
20372.8,1
20382,1
20390.4,1
20399.7,1
20409.6,1
20419.5,1
20428,1
20437.9,1
20447.2,1
20455.7,1
20465.5,1
20473.3,1
20481.3,1
20489.8,1
20497.8,1
20505.5,1
20512.7,1
20520.4,1
20527.5,1
20534.6,1
20541.7,1
20548.7,1
20555.1,1
20562.1,1
20567.7,1
20574.8,1
20581.1,1
20586.8,1
20592.5,1
20598.2,1
20604,1
20609.7,1
20615.4,1
20622.1,1
20627.3,1
20632.5,1
20638.3,1
20644.2,1
20650.9,1
20657.7,1
20663.3,1
20670.5,1
20677.1,1
20684.3,1
20690.7,1
20698.4,1
20706.9,1
20714.9,1
20723.4,1
20732.2,1
20741.5,1
20750.7,1
20759.8,1
20768.9,1
20778.2,1
20787.6,1
20797.6,1
20807.6,1
20815.9,1
20826,1
20835,1
20843.9,1
20852.9,1
20860.7,1
20867.9,1
20875.9,1
20883.5,1
20890.7,1
20897.8,1
20905,1
20910.6,1
20916.3,1
20923.4,1
20928.9,1
20935.3,1
20942.5,1
20948.9,1
20956.7,1
20963.8,1
20971.6,1
20980.2,1
20988.8,1
20998,1
21007.2,1
21016.4,1
21026.3,1
21036.2,1
21045.3,1
21055.2,1
21064.3,1
21074.2,1
21082.7,1
21093.3,1
21102.1,1
21110.4,1
21118.8,1
21128,1
21136.1,1
21143.5,1
21151,1
21157.8,1
21164.5,1
21171.5,1
21177.2,1
21182.9,1
21189.5,1
21195.4,1
21201,1
21206.6,1
21212.3,1
21218.1,1
21224.8,1
21231.4,1
21237.8,1
21246.2,1
21253.2,1
21260.2,1
21268,1
21276.4,1
21284.9,1
21293.3,1
21302.4,1
21311.6,1
21320.7,1
21330.6,1
21340.5,1
21350.3,1
21360.2,1
21370.7,1
21381.3,1
21391.1,1
21401.6,1
21411.5,1
21422.8,1
21433.3,1
21444.6,1
21455.1,1
21465.7,1
21476.2,1
21488.2,1
21499.4,1
21510.7,1
21523.4,1
21533.9,1
21545.8,1
21557.8,1
21569.1,1
21581,1
21592.3,1
21604.2,1
21616.2,1
21627.4,1
21639.4,1
21650.6,1
21662.6,1
21674.5,1
21685.8,1
21697.7,1
21710.4,1
21721.6,1
21733.6,1
21746.2,1
21758.2,1
21770.2,1
21782.1,1
21794.8,1
21811.7,1
21820.8,1
21832.8,1
21845.4,1
21857.4,1
21869.4,1
21882,1
21894,1
21905.9,1
21917.2,1
21929.1,1
21941.1,1
21953.1,1
21965,1
21977,1
21989,1
22000.9,1
22012.2,1
22024.1,1
22036.1,1
22048.1,1
22060,1
22072.7,1
22084.7,1
22090.2,1
22137.7,1
22164.4,1
22192.5,1
22219.9,1
22248.1,1
22275.5,1
22303.6,1
22331,1
22357.8,1
22384.5,1
22411.2,1
22437.2,1
22463.2,1
22490,1
22516.7,1
22543.4,1
22570.8,1
22599,1
22625.7,1
22653.8,1
22681.3,1
22710.1,1
22738.2,1
22767.7,1
22795.2,1
22820.6,1
22842.4,1
22857.9,1
22874.1,1
22891.4,1
22909.6,1
22928.6,1
22948.6,1
22968.8,1
22985.4,1
23000,1
23016.9,1
23029.5,0.8228161799
23038.5,0.8228161799
23052.9,0.8228161799
23073.4,0.8228161799
23096.1,0.8228161799
23109.6,0.8228161799
23125,0.8228161799
23133.8,0.8228161799
23141.8,0.8228161799
23151,0.8228161799
23167.3,0.8228161799
23176.3,0.8228161799
23184.6,0.8228161799
23193.7,0.8228161799
23212.6,0.8228161799
23221.7,0.8228161799
23231.7,0.8228161799
23240.7,0.8228161799
23260.8,0.8228161799
23270.9,0.8228161799
23281.1,0.8228161799
23291.1,0.8228161799
23311.2,0.8228161799
23321.2,0.8228161799
23332.3,0.8228161799
23342.4,0.8228161799
23352.5,0.8228161799
23373.3,0.8228161799
23383.7,0.8228161799
23393,0.8228161799
23411.1,0.8228161799
23420.2,0.8228161799
23429.2,0.8228161799
23437.2,0.8228161799
23446.2,0.8228161799
23461.5,0.8228161799
23470.1,0.8228161799
23477.2,0.8228161799
23493.6,0.8228161799
23501.4,0.8228161799
23517,0.8228161799
23524.7,0.8228161799
23541.1,0.8228161799
23548.9,0.8228161799
23557.3,0.8228161799
23573.7,0.8228161799
23582.1,0.8228161799
23589.9,0.8228161799
23606.9,0.8228161799
23614.7,0.8228161799
23623.9,0.8228161799
23632.5,0.8228161799
23640.3,0.8228161799
23657.2,0.8228161799
23665.7,0.8228161799
23674.3,0.8228161799
23682.7,0.8228161799
23699.1,0.8228161799
23706.9,0.8228161799
23715.5,0.8228161799
23723.3,0.8228161799
23739.6,0.8228161799
23748.2,0.8228161799
23756.3,0.8228161799
23764.1,0.8228161799
23780.7,0.8228161799
23788.5,0.8228161799
23796.6,0.8228161799
23805.2,0.8228161799
23821,0.8228161799
23828.8,0.8228161799
23837.4,0.8228161799
23845.4,0.8228161799
23862.1,0.8228161799
23869.7,0.8228161799
23877.3,0.8228161799
23885.3,0.8228161799
23902,0.8228161799
23909.9,0.8228161799
23918.2,0.8228161799
23933.8,0.8228161799
23942.4,0.8228161799
23950.5,0.8228161799
23957.7,0.8228161799
23967.2,0.8228161799
23983.8,0.8228161799
23991.9,0.8228161799
24000,0.8228161799
24008.6,0.8228161799
24025.2,0.8228161799
24033.3,0.8228161799
24042.3,0.8228161799
24050.9,0.8228161799
24059,0.8228161799
24074.8,0.8228161799
24083.4,0.8228161799
24091.2,0.8228161799
24108,0.8228161799
24116.6,0.8228161799
24142.6,0.8228161799
24151.9,0.8228161799
24171,0.8228161799
24181,0.8228161799
24201.9,0.8228161799
24211.9,0.8228161799
24221.9,0.8228161799
24241.9,0.8228161799
24251,0.8228161799
24260.9,0.8228161799
24270.9,0.8228161799
24290.9,0.8228161799
24300.9,0.8228161799
24310.8,0.8228161799
24321.8,0.8228161799
24342.6,0.8228161799
24353.6,0.8228161799
24364.5,0.8228161799
24375.4,0.8228161799
24386.3,0.8228161799
24408,0.8228161799
24419,0.8228161799
24429.9,0.8228161799
24441.7,0.8228161799
24462.5,0.8228161799
24472.8,0.8228161799
24483.7,0.8228161799
24494.2,0.8228161799
24516.5,0.8228161799
24528.2,0.8228161799
24539.6,0.8228161799
24551.1,0.8228161799
24574.3,0.8228161799
24585.6,0.8228161799
24596.2,0.8228161799
24607.1,0.8228161799
24628.5,0.8228161799
24638.5,0.8228161799
24648.1,0.8228161799
24658.5,0.8228161799
24684.2,0.8228161799
24722.3,0.8228161799
24760.3,0.8228161799
24796.3,0.8228161799
24828.2,0.8228161799
24850.9,0.8228161799
24869.8,0.8228161799
24903.5,0.8228161799
24927,0.8228161799
24935.1,0.8228161799
24952.7,0.8228161799
24962.7,0.8228161799
24971.3,0.8228161799
24981.8,0.8228161799
24990.8,0.8228161799
25000.3,0.8228161799
25010.2,0.8228161799
25019.7,0.8228161799
25029.2,0.8228161799
25039.3,0.8228161799
25048.8,0.8228161799
25058.3,0.8228161799
25068.3,0.8228161799
25077.8,0.8228161799
25087.9,0.8228161799
25098.3,0.8228161799
25108.3,0.8228161799
25118.8,0.8228161799
25128.3,0.8228161799
25137.8,0.8228161799
25200.4,0.8228161799
25209.8,0.8228161799
25219.3,0.8228161799
25228.8,0.8228161799
25238.3,0.8228161799
25247.3,0.8228161799
25256,0.8228161799
25285.4,0.8228161799
25295.8,0.8228161799
25304.8,0.8228161799
25315.2,0.8228161799
25325.7,0.8228161799
25347.5,0.8228161799
25357.9,0.8228161799
25368.3,0.8228161799
25378.7,0.8228161799
25390.1,0.8228161799
25401.5,0.8228161799
25414.3,0.8228161799
25425.7,0.8228161799
25438.5,0.8228161799
25452.3,0.8228161799
25464.7,0.8228161799
25478.5,0.8228161799
25492.2,0.8228161799
25505.6,0.8228161799
25519.4,0.8228161799
25532.8,0.8228161799
25546.6,0.8228161799
25562.4,0.8228161799
25576.6,0.8228161799
25592.4,0.8228161799
25608.2,0.8228161799
25624.1,0.8228161799
25640.1,0.8228161799
25655.7,0.8228161799
25672.4,0.8228161799
25689.2,0.8228161799
25705,0.8228161799
25720.8,0.5693234419
25736.6,0.5693234419
25751.5,0.5693234419
25765.1,0.5693234419
25780.9,0.5693234419
25794.5,0.5693234419
25806.9,0.5693234419
25818.2,0.5693234419
25829.4,0.5693234419
25838.3,0.5693234419
25848.3,0.5693234419
25855,0.5693234419
25862.8,0.5693234419
25868.4,0.5693234419
25874,0.5693234419
25879.6,0.5693234419
25884.2,0.5693234419
25889.8,0.5693234419
25894.3,0.5693234419
25898.9,0.5693234419
25903.4,0.5693234419
25906.7,0.5693234419
25910.2,0.5693234419
25914.7,0.5693234419
25918.2,0.5693234419
25921.5,0.5693234419
25933.2,0.5693234419
25936.7,0.5693234419
25941.2,0.5693234419
25944.6,0.5693234419
25948,0.5693234419
25957.6,0.5693234419
25961.1,0.5693234419
25964,0.5693234419
25967.4,0.5693234419
25969.8,0.5693234419
25976.4,0.5693234419
25979.9,0.5693234419
25982.3,0.5693234419
25985.2,0.5693234419
25988,0.5693234419
25991.8,0.5693234419
26005.6,0.5693234419
26008,0.5693234419
26010.9,0.5693234419
26013.3,0.5693234419
26017.1,0.5693234419
26019.5,0.5693234419
26036.6,0.5693234419
26041.8,0.5693234419
26044.6,0.5693234419
26047,0.5693234419
26049.4,0.5693234419
26052.3,0.5693234419
26063,0.5693234419
26071,0.5693234419
26073.2,0.5693234419
26075.6,0.5693234419
26077.7,0.5693234419
26080.6,0.5693234419
26085.8,0.5693234419
26087.9,0.5693234419
26090.3,0.5693234419
26093.2,0.5693234419
26095.6,0.5693234419
26097,0.5693234419
26107.9,0.5693234419
26122.6,0.5693234419
26125.5,0.5693234419
26126.9,0.5693234419
26129.8,0.5693234419
26132.7,0.5693234419
26158.8,0.5693234419
26186.4,0.5693234419
26208.3,0.5693234419
26214.6,0.5693234419
26218.1,0.5693234419
26221,0.5693234419
26223.9,0.5693234419
26226.3,0.5693234419
26231.9,0.5693234419
26257.5,0.5693234419
26284.5,0.5693234419
26306,0.5693234419
26319.5,0.5693234419
26320.4,0.5693234419
26321.9,0.5693234419
26420.2,0.5693234419
26467.8,0.5693234419
26556.1,0.5693234419
26607,0.5693234419
26657.8,0.5693234419
26695.6,0.5693234419
26716,0.5693234419
26731.1,0.5693234419
26753.4,0.5693234419
26771.2,0.5693234419
26802.1,0.5693234419
26815.5,0.5693234419
26885.8,0.5693234419
26900.7,0.5693234419
26918.5,0.5693234419
26928.7,0.5693234419
26994.2,0.5693234419
27019,0.5693234419
27039,0.5693234419
27054.2,0.5693234419
27058.8,0.5693234419
27064.7,0.5693234419
27069.4,0.5693234419
27075.8,0.5693234419
27082.3,0.5693234419
27087.8,0.5693234419
27093.4,0.5693234419
27099.8,0.1766963777
27105.4,0.1766963777
27110.9,0.1766963777
27117.4,0.1766963777
27123.8,0.1766963777
27129.7,0.1766963777
27136.1,0.1766963777
27142.6,0.1766963777
27149,0.1766963777
27155.5,0.1766963777
27162.2,0.1766963777
27169.5,0.1766963777
27176,0.1766963777
27183.6,0.1766963777
27190.9,0.1766963777
27198.3,0.1766963777
27205,0.1766963777
27212.3,0.1766963777
27219.7,0.1766963777
27226.4,0.1766963777
27233.7,0.1766963777
27241.1,0.1766963777
27247.8,0.1766963777
27255.1,0.1766963777
27262.5,0.1766963777
27269.2,0.1766963777
27276.5,0.1766963777
27284.1,0.1766963777
27291.5,0.1766963777
27298.8,0.1766963777
27306.4,0.1766963777
27313.7,0.1766963777
27321.3,0.1766963777
27329.6,0.1766963777
27337.2,0.1766963777
27344.5,0.1766963777
27352.1,0.1766963777
27359.4,0.1766963777
27366.8,0.1766963777
27374.4,0.1766963777
27381.7,0.1766963777
27389.3,0.1766963777
27396.6,0.1766963777
27403.3,0.1766963777
27410.9,0.1766963777
27417.7,0.1766963777
27425.4,0.1766963777
27432.6,0.1766963777
27440.4,0.1766963777
27447.4,0.1766963777
27454.4,0.1766963777
27461.6,0.1766963777
27468.6,0.1766963777
27476.4,0.1766963777
27482.7,0.1766963777
27490.5,0.1766963777
27497.5,0.1766963777
27504.6,0.1766963777
27511.6,0.1766963777
27518.8,0.1766963777
27525.8,0.1766963777
27532.1,0.1766963777
27538.5,0.1766963777
27544.9,0.1766963777
27551.9,0.1766963777
27558.3,0.1766963777
27565.4,0.1766963777
27571.8,0.1766963777
27578.2,0.1766963777
27585.2,0.1766963777
27590.8,0.1766963777
27597.2,0.1766963777
27603.5,0.1766963777
27610.6,0.1766963777
27616.9,0.1766963777
27623.9,0.1766963777
27629.6,0.1766963777
27635.9,0.1766963777
27642.3,0.1766963777
27648.6,0.1766963777
27655,0.1766963777
27660.6,0.1766963777
27667,0.1766963777
27673.3,0.1766963777
27679.7,0.1766963777
27686,0.1766963777
27692.4,0.1766963777
27698.7,0.1766963777
27705.4,0.1766963777
27711.1,0.1766963777
27717.4,0.1766963777
27722.7,0.1766963777
27729.3,0.1766963777
27735,0.1766963777
27740.3,0.1766963777
27746,0.1766963777
27751.7,0.1766963777
27756.9,0.1766963777
27761.9,0.1766963777
27767.1,0.1766963777
27772.3,0.1766963777
27777.2,0.1766963777
27782.4,0.1766963777
27787.7,0.1766963777
27793.4,0.1766963777
27798.6,0.1766963777
27804.4,0.1766963777
27809.6,0.1766963777
27813.9,0.1766963777
27819.6,0.1766963777
27824.8,0.1766963777
27830,0.1766963777
27834.3,0.1766963777
27838.1,0.1766963777
27842.4,0.1766963777
27846.2,0.1766963777
27850.5,0.1766963777
27854.3,0.1766963777
27857.9,0.1766963777
27861.7,0.1766963777
27865.5,0.1766963777
27869.8,0.1766963777
27874.1,0.1766963777
27878.4,0.1766963777
27882.7,0.1766963777
27887.6,0.1766963777
27892.5,0.1766963777
27896.8,0.1766963777
27901.1,0.1766963777
27904.6,0.1766963777
27909.6,0.1766963777
27913.4,0.1766963777
27918.5,0.1766963777
27922.3,0.1766963777
27927,0.1766963777
27930.8,0.1766963777
27934.5,0.1766963777
27937.3,0.1766963777
27941.9,0.1766963777
27945.7,0.1766963777
27949.4,0.1766963777
27953,0.1766963777
27956.6,0.1766963777
27959.6,0.1766963777
27963.3,0.1766963777
27966.1,0.1766963777
27970.7,0.1766963777
27974.4,0.1766963777
27978.2,0.1766963777
27981.8,0.1766963777
27985.4,0.1766963777
27989.2,0.1766963777
27993,0.1766963777
27996.8,0.1766963777
28001.3,0.1766963777
28005.1,0.1766963777
28009.8,0.1766963777
28013.4,0.1766963777
28017.2,0.1766963777
28020.8,0.1766963777
28024.6,0.1766963777
28029.3,0.1766963777
28032.2,0.1766963777
28036.9,0.1766963777
28040.5,0.1766963777
28044.3,0.1766963777
28049.4,0.1766963777
28053,0.1766963777
28056.8,0.1766963777
28060.4,0.1766963777
28064.2,0.1766963777
28067.9,0.1766963777
28071.7,0.1766963777
28075.4,0.1766963777
28079.1,0.1766963777
28083.6,0.1766963777
28088.3,0.1766963777
28092.9,0.1766963777
28097.5,0.1766963777
28102.1,0.1766963777
28106.8,0.1766963777
28111.4,0.1766963777
28116.9,0.1766963777
28121.4,0.1766963777
28127,0.1766963777
28132.5,0.1766963777
28137.1,0.1766963777
28142.6,0.1766963777
28148.2,0.1766963777
28153.7,0.1766963777
28159.3,0.1766963777
28164.7,0.1766963777
28170.3,0.1766963777
28175.7,0.1766963777
28182.2,0.1766963777
28187.6,0.1766963777
28193.2,0.1766963777
28199.6,0.1766963777
28206.1,0.1766963777
28212.5,0.1766963777
28218.1,0.1766963777
28224.5,0.1766963777
28230.1,0.1766963777
28235.9,0.1766963777
28242.4,0.1766963777
28250,0.1766963777
28257.3,0.1766963777
28264.7,0.1766963777
28272,0.1766963777
28279.3,0.1766963777
28286.7,0.1766963777
28294.3,0.1766963777
28301.6,0.1766963777
28309.2,0.1766963777
28317.4,0.1766963777
28324.8,0.1766963777
28332.4,0.1766963777
28340.8,0.1766963777
28349.1,0.1766963777
28358.4,0.1766963777
28366.8,0.1766963777
28375.1,0.1766963777
28383.5,0.1766963777
28393.2,0.1766963777
28401.7,0.1766963777
28411,0.1766963777
28420.7,0.1766963777
28430,0.1766963777
28439.3,0.1766963777
28448.7,0.1766963777
28457.1,0.1766963777
28466.5,0.1766963777
28475.8,0.1766963777
28485.2,0.1766963777
28493.6,0.1766963777
28503,0.1766963777
28512.3,0.1766963777
28521.6,0.1766963777
28531,0.1766963777
28539.4,0.1766963777
28548.8,0.1766963777
28557.9,0.1766963777
28567.2,0.1766963777
28576.6,0.1766963777
28585.9,0.1766963777
28595.1,0.1766963777
28603.5,0.1766963777
28612.9,0.1766963777
28622.2,0.1766963777
28630.6,0.1766963777
28639.1,0.1766963777
28647.3,0.1766963777
28656.7,0.1766963777
28665.1,0.1766963777
28673.4,0.1766963777
28681.8,0.1766963777
28689.4,0.1766963777
28697.9,0.1766963777
28706.1,0.1766963777
28715.3,0.1766963777
28723.5,0.1766963777
28731.7,0.1766963777
28739.9,0.1766963777
28748.1,0.1766963777
28756.3,0.1766963777
28765.4,0.1766963777
28773.6,0.1766963777
28781.8,0.1766963777
28790,0.1766963777
28797.3,0.1766963777
28805.5,0.1766963777
28812.8,0.1766963777
28820,0.1766963777
28827.3,0.1766963777
28835.4,0.1766963777
28841.8,0.1766963777
28849.9,0.1766963777
28857.2,0.1766963777
28865.4,0.1766963777
28872.7,0.1766963777
28880,0.1766963777
28887.3,0.1766963777
28895.4,0.1766963777
28902.7,0.1766963777
28910.9,0.1766963777
28919.2,0.1766963777
28927.4,0.1766963777
28935.7,0.1766963777
28943,0.1766963777
28951.2,0.1766963777
28958.5,0.1766963777
28965.8,0.1766963777
28973.1,0.1766963777
28979.5,0.1766963777
28986.8,0.1766963777
28993.1,0.1766963777
29000.4,0.1766963777
29007.7,0.1766963777
29014.1,0.1766963777
29021.4,0.1766963777
29027.8,0.1766963777
29034.1,0.1766963777
29040.6,0.1766963777
29046.9,0.1766963777
29053.3,0.1766963777
29059.7,0.1766963777
29066,0.1766963777
29071.6,0.1766963777
29077.9,0.1766963777
29084.3,0.1766963777
29090.6,0.1766963777
29096.2,0.1766963777
29102.5,0.1766963777
29108.9,0.1766963777
29115.2,0.1766963777
29121.6,0.1766963777
29127.9,0.1766963777
29134.3,0.1766963777
29142.5,0.1766963777
29149.7,0.1766963777
29157.9,0.1766963777
29166,0.1766963777
29173.4,0.1766963777
29181.5,0.1766963777
29188.8,0.1766963777
29196,0.1766963777
29203.3,0.1766963777
29209.6,0.1766963777
29216,0.1766963777
29223.3,0.1766963777
29229.7,0.1766963777
29237,0.1766963777
29243.3,0.1766963777
29249.6,0.1766963777
29256.9,0.1766963777
29263.3,0.1766963777
29270.5,0.1766963777
29277,0.1766963777
29283.4,0.1766963777
29289.8,0.1766963777
29297.2,0.1766963777
29303.9,0.1766963777
29310.4,0.1766963777
29316.8,0.1766963777
29323.5,0.1766963777
29329.9,0.1766963777
29335.8,0.1766963777
29342.5,0.1766963777
29348.4,0.1766963777
29353.4,0.1766963777
29359.8,0.1766963777
29364.9,0.1766963777
29369.8,0.1766963777
29374.9,0.1766963777
29380.5,0.1766963777
29385.2,0.1766963777
29390.2,0.1766963777
29395.3,0.1766963777
29400.3,0.1766963777
29405.4,0.1766963777
29411.7,0.1766963777
29416.8,0.1766963777
29422.4,0.1766963777
29427.5,0.1766963777
29432.5,0.1766963777
29436.8,0.1766963777
29441.4,0.1766963777
29445.2,0.1766963777
29449.9,0.1766963777
29454.2,0.1766963777
29459.2,0.1766963777
29462.1,0.1766963777
29465.9,0.1766963777
29470.6,0.1766963777
29475.3,0.1766963777
29480,0.1766963777
29485,0.1766963777
29490.6,0.1766963777
29496.5,0.1766963777
29503,0.1766963777
29508.8,0.1766963777
29515.6,0.1766963777
29523.1,0.1766963777
29531.6,0.1766963777
29540.7,0.1766963777
29549.2,0.1766963777
29557.4,0.1766963777
29565.7,0.1766963777
29574.8,0.1766963777
29584,0.1766963777
29592.1,0.1766963777
29600.4,0.1766963777
29608.6,0.1766963777
29616.8,0.1766963777
29625.1,0.1766963777
29633.3,0.1766963777
29641.5,0.1766963777
29649.8,0.1766963777
29657.4,0.1766963777
29664.7,0.1766963777
29672.9,0.1766963777
29680.5,0.1766963777
29688.8,0.1766963777
29696.4,0.1766963777
29703.7,0.1766963777
29712.2,0.1766963777
29719.4,0.1766963777
29727.7,0.1766963777
29735,0.1766963777
29742.3,0.1766963777
29749.6,0.1766963777
29757.8,0.1766963777
29766,0.1766963777
29773.2,0.1766963777
29780.5,0.1766963777
29787.8,0.1766963777
29795.1,0.1766963777
29803.3,0.1766963777
29811.5,0.1766963777
29818.7,0.1766963777
29827,0.1766963777
29834.2,0.1766963777
29841.5,0.1766963777
29849.7,0.1766963777
29856.9,0.1766963777
29863.4,0.1766963777
29870.7,0.1766963777
29877,0.1766963777
29884.4,0.1766963777
29891.7,0.1766963777
29899.1,0.1766963777
29906.3,0.1766963777
29912.8,0.1766963777
29920.1,0.1766963777
29927.4,0.1766963777
29935.6,0.1766963777
29942.9,0.1766963777
29950.3,0.1766963777
29956.7,0.1766963777
29964,0.1766963777
29971.2,0.1766963777
29977.7,0.1766963777
29984.9,0.1766963777
29992.3,0.1766963777
30000.5,0.1766963777
30007,0.1766963777
30013.4,0.1766963777
30020.7,0.1766963777
30026.3,0.1766963777
30032.7,0.1766963777
30039.1,0.1766963777
30045.4,0.1766963777
30051.8,0.1766963777
30058.1,0.1766963777
30063.6,0.1766963777
30069.9,0.1766963777
30076.3,0.1766963777
30083.6,0.1766963777
30089.1,0.1766963777
30094.6,0.1766963777
30101.1,0.1766963777
30106.5,0.1766963777
30112.8,0.1766963777
30119.2,0.1766963777
30125.5,0.1766963777
30131.9,0.1766963777
30139.1,0.1766963777
30148.2,0.1766963777
30157.3,0.1766963777
30166.5,0.1766963777
30176.5,0.1766963777
30185.6,0.1766963777
30193.8,0.1766963777
30203,0.1766963777
30211.1,0.1766963777
30219.4,0.1766963777
30226.7,0.1766963777
30234.9,0.1766963777
30243.1,0.1766963777
30250.4,0.1766963777
30258.5,0.1766963777
30266.8,0.1766963777
30274,0.1766963777
30281.4,0.1766963777
30288.6,0.1766963777
30295.9,0.1766963777
30304,0.1766963777
30311.3,0.1766963777
30318.5,0.1766963777
30325.9,0.1766963777
30333.1,0.1766963777
30340.4,0.1766963777
30346.8,0.1766963777
30354.1,0.1766963777
30362.3,0.1766963777
30368.7,0.1766963777
30376,0.1766963777
30383.2,0.1766963777
30389.7,0.1766963777
30397,0.1766963777
30404.3,0.1766963777
30411.6,0.1766963777
30417.9,0.1766963777
30424.4,0.1766963777
30431.6,0.1766963777
30438.9,0.1766963777
30445.2,0.1766963777
30452.6,0.1766963777
30459,0.1766963777
30465.4,0.1766963777
30471.8,0.1766963777
30479.2,0.1766963777
30484.6,0.1766963777
30491,0.1766963777
30496.5,0.1766963777
30502.9,0.1766963777
30510.2,0.1766963777
30516.6,0.1766963777
30523.1,0.1766963777
30530.4,0.1766963777
30536.8,0.1766963777
30543.2,0.1766963777
30550.6,0.1766963777
30556.9,0.1766963777
30563.3,0.1766963777
30569.6,0.1766963777
30576,0.1766963777
30582.4,0.1766963777
30589.7,0.1766963777
30596.1,0.1766963777
30601.5,0.1766963777
30607.9,0.1766963777
30614.2,0.1766963777
30620.7,0.1766963777
30627,0.1766963777
30633.5,0.1766963777
30640.7,0.1766963777
30648,0.1766963777
30654.4,0.1766963777
30661.8,0.1766963777
30668.2,0.1766963777
30674.6,0.1766963777
30681,0.1766963777
30687.4,0.1766963777
30693.8,0.1766963777
30700.1,0.1766963777
30706.6,0.1766963777
30713.8,0.1766963777
30721.2,0.1766963777
30727.5,0.1766963777
30734.8,0.1766963777
30742,0.1766963777
30748.5,0.1766963777
30754.9,0.1766963777
30762.3,0.1766963777
30768.7,0.1766963777
30776,0.1766963777
30783.4,0.1766963777
30789.8,0.1766963777
30797.1,0.1766963777
30804.4,0.1766963777
30811.8,0.1766963777
30819.1,0.1766963777
30827.6,0.1766963777
30834.9,0.1766963777
30843.1,0.1766963777
30850.5,0.1766963777
30857.8,0.1766963777
30866,0.1766963777
30873.3,0.1766963777
30880.6,0.1766963777
30888.8,0.1766963777
30896.1,0.1766963777
30904.2,0.1766963777
30911.6,0.1766963777
30919.7,0.1766963777
30927.1,0.1766963777
30934.3,0.1766963777
30942.5,0.1766963777
30949.8,0.1766963777
30957.1,0.1766963777
30965.3,0.1766963777
30972.7,0.1766963777
30980,0.1766963777
30987.3,0.1766963777
30995.5,0.1766963777
31002.9,0.1766963777
31010.2,0.1766963777
31017.5,0.1766963777
31025.1,0.1766963777
31032.5,0.1766963777
31039.8,0.1766963777
31047.4,0.1766963777
31055,0.1766963777
31061.4,0.1766963777
31069,0.1766963777
31076.4,0.1766963777
31083.1,0.1766963777
31089.8,0.1766963777
31097.1,0.1766963777
31103.9,0.1766963777
31110.3,0.1766963777
31117.7,0.1766963777
31124.4,0.1766963777
31130.8,0.1766963777
31138.4,0.1766963777
31144.9,0.1766963777
31151.3,0.1766963777
31158,0.1766963777
31164.5,0.1766963777
31170.9,0.1766963777
31177.6,0.1766963777
31184.4,0.1766963777
31190.8,0.1766963777
31197.5,0.1766963777
31204,0.1766963777
31210.4,0.1766963777
31217.2,0.1766963777
31224.5,0.1766963777
31230.9,0.1766963777
31237.4,0.1766963777
31242.9,0.1766963777
31249.4,0.1766963777
31255.3,0.1766963777
31261.7,0.1766963777
31267.3,0.1766963777
31273.1,0.1766963777
31279.6,0.1766963777
31285,0.1766963777
31291.5,0.1766963777
31297,0.1766963777
31303.8,0.1766963777
31309.3,0.1766963777
31315.8,0.1766963777
31322.5,0.1766963777
31328,0.1766963777
31334.8,0.1766963777
31341.2,0.1766963777
31347.1,0.1766963777
31353.5,0.1766963777
31359.1,0.1766963777
31365.5,0.1766963777
31371.1,0.1766963777
31377.8,0.1766963777
31383.4,0.1766963777
31389.8,0.1766963777
31396.5,0.1766963777
31402.1,0.1766963777
31408.5,0.1766963777
31414.1,0.1766963777
31420.8,0.1766963777
31426.4,0.1766963777
31432.8,0.1766963777
31439.3,0.1766963777
31444.8,0.1766963777
31450.7,0.1766963777
31457.1,0.1766963777
31462.7,0.1766963777
31469.1,0.1766963777
31475,0.1766963777
31481.5,0.1766963777
31487,0.1766963777
31493.7,0.1766963777
31499.3,0.1766963777
31505.7,0.1766963777
31511.3,0.1766963777
31516.9,0.1766963777
31522.4,0.1766963777
31529.1,0.1766963777
31534.7,0.1766963777
31540.2,0.1766963777
31545.8,0.1766963777
31552.2,0.1766963777
31557.8,0.1766963777
31563.3,0.1766963777
31570.1,0.1766963777
31575.6,0.1766963777
31581.2,0.1766963777
31587.6,0.1766963777
31593.5,0.1766963777
31599.1,0.1766963777
31605.5,0.1766963777
31611.1,0.1766963777
31616.6,0.1766963777
31622.2,0.1766963777
31628.6,0.1766963777
31634.2,0.1766963777
31639.7,0.1766963777
31645.6,0.1766963777
31651.9,0.1766963777
31657.5,0.1766963777
31662.9,0.1766963777
31669.4,0.1766963777
31674.8,0.1766963777
31680.4,0.1766963777
31686.8,0.1766963777
31692.3,0.1766963777
31698.7,0.1766963777
31704.2,0.1766963777
31709.7,0.1766963777
31714.2,0.1766963777
31719.8,0.1766963777
31725.4,0.1766963777
31731.2,0.1766963777
31737.1,0.1766963777
31743,0.1766963777
31748.9,0.1766963777
31754.7,0.1766963777
31761.1,0.1766963777
31767,0.1766963777
31772.1,0.1766963777
31782.3,0.1766963777
31787.1,0.1766963777
31791.6,0.1766963777
31796.2,0.1766963777
31801,0.1766963777
31804.8,0.1766963777
31810.5,0.1766963777
31814.8,0.1766963777
31819.1,0.1766963777
31824,0.1766963777
31827.5,0.1766963777
31831,0.1766963777
31835.3,0.1766963777
31838.2,0.1766963777
31841.7,0.1766963777
31844.7,0.1766963777
31848.2,0.1766963777
31851.1,0.1766963777
31854.1,0.1766963777
31857.6,0.1766963777
31860.5,0.1766963777
31862.6,0.1766963777
31866.2,0.1766963777
31868.3,0.1766963777
31871.2,0.1766963777
31873.3,0.1766963777
31876.2,0.1766963777
31878.3,0.1766963777
31880.5,0.1766963777
31882.9,0.1766963777
31885.3,0.1766963777
31887.5,0.1766963777
31889.7,0.1766963777
31891.9,0.1766963777
31894.3,0.1766963777
31896.8,0.1766963777
31899.2,0.1766963777
31901.3,0.1766963777
31904.1,0.1766963777
31906.3,0.1766963777
31909.1,0.1766963777
31911.3,0.1766963777
31914.1,0.1766963777
31917.7,0.1766963777
31920.5,0.1766963777
31922.7,0.1766963777
31925.6,0.1766963777
31928.5,0.1766963777
31931.4,0.1766963777
31934.3,0.1766963777
31937.2,0.1766963777
31939.3,0.1766963777
31942.3,0.1766963777
31945.2,0.1766963777
31948.2,0.1766963777
31950.3,0.1766963777
31953.8,0.1766963777
31955.9,0.1766963777
31958.1,0.1766963777
31960.2,0.1766963777
31962.3,0.1766963777
31965.8,0.1766963777
31968.8,0.1766963777
31970.9,0.1766963777
31974.4,0.1766963777
31976.5,0.1766963777
31980,0.1766963777
31983,0.1766963777
31985.9,0.1766963777
31988.7,0.1766963777
31992.2,0.1766963777
31994.6,0.1766963777
31997.5,0.1766963777
32000.4,0.1766963777
32003.3,0.1766963777
32006.1,0.1766963777
32008.5,0.1766963777
32010.9,0.1766963777
32014.4,0.1766963777
32017.8,0.1766963777
32020.2,0.1766963777
32023.6,0.1766963777
32026,0.1766963777
32029.4,0.1766963777
32031.7,0.1766963777
32035.1,0.1766963777
32038.5,0.1766963777
32040.7,0.1766963777
32044,0.1766963777
32046.4,0.1766963777
32049.7,0.1766963777
32052,0.1766963777
32054.4,0.1766963777
32056.8,0.1766963777
32059.2,0.1766963777
32061.6,0.1766963777
32064.4,0.1766963777
32068,0.1766963777
32070.8,0.1766963777
32073.7,0.1766963777
32078,0.1766963777
32081.5,0.1766963777
32085,0.1766963777
32088.8,0.1766963777
32092.3,0.1766963777
32095.9,0.1766963777
32098.8,0.1766963777
32102.6,0.1766963777
32106.4,0.1766963777
32109.3,0.1766963777
32113.1,0.1766963777
32116.9,0.1766963777
32119.6,0.1766963777
32123.3,0.1766963777
32126.2,0.1766963777
32130,0.1766963777
32132.7,0.1766963777
32136.5,0.1766963777
32139.4,0.1766963777
32143.1,0.1766963777
32146.7,0.1766963777
32149.6,0.1766963777
32153.3,0.1766963777
32156.2,0.1766963777
32159.8,0.1766963777
32163.6,0.1766963777
32166.4,0.1766963777
32170.1,0.1766963777
32174.8,0.1766963777
32179.3,0.1766963777
32183.1,0.1766963777
32187.8,0.1766963777
32192.5,0.1766963777
32197,0.1766963777
32203.5,0.1766963777
32209,0.1766963777
32215.5,0.1766963777
32221,0.1766963777
32227.5,0.1766963777
32233.9,0.1766963777
32240.3,0.1766963777
32246.7,0.1766963777
32254,0.1766963777
32261.4,0.1766963777
32268.7,0.1766963777
32276.1,0.1766963777
32283.4,0.1766963777
32290.7,0.1766963777
32298,0.1766963777
32305.3,0.1766963777
32313.6,0.1766963777
32320.9,0.1766963777
32329.1,0.1766963777
32336.5,0.1766963777
32344.7,0.1766963777
32352.1,0.1766963777
32361.2,0.1766963777
32371.2,0.1766963777
32379.4,0.1766963777
32386.7,0.1766963777
32394.3,0.1766963777
32402.3,0.1766963777
32410.3,0.1766963777
32418.1,0.1766963777
32425.8,0.1766963777
32433,0.1766963777
32442.1,0.1766963777
32449.9,0.1766963777
32456.9,0.1766963777
32464.6,0.1766963777
32472.4,0.1766963777
32480.2,0.1766963777
32487.2,0.1766963777
32494.2,0.1766963777
32505.9,0.1766963777
32554.2,0.1766963777
32593.9,0.1766963777
32628.9,0.1766963777
32664.6,0.1766963777
32696.4,0.1766963777
32787.8,0.5693234419
32879.3,0.5693234419
32970.8,0.5693234419
33062.2,0.5693234419
33100.6,0.5693234419
33138.8,0.5693234419
33149.4,0.5693234419
33163.8,0.5693234419
33197.3,0.5693234419
33224.5,0.5693234419
33241.7,0.5693234419
33262.8,0.5693234419
33278.9,0.5693234419
33333.5,0.5693234419
33388.1,0.5693234419
33417.9,0.5693234419
33439.2,0.5693234419
33518.7,0.5693234419
33598.1,0.5693234419
33660,0.5693234419
33708.3,0.5693234419
33762.9,0.5693234419
33817.4,0.5693234419
33842.8,0.5693234419
33868.3,0.5693234419
33910.1,0.5693234419
33962.9,0.5693234419
34015.7,0.5693234419
34043,0.5693234419
34099.9,0.5693234419
34174.2,0.5693234419
34247.1,0.5693234419
34330.1,0.5693234419
34413.2,0.5693234419
34484.8,0.5693234419
34531.7,0.5693234419
34603.8,0.5693234419
34624.7,0.5693234419
34650.3,0.5693234419
34738.6,0.5693234419
34825.1,0.5693234419
34915.9,0.5693234419
35003.3,0.5693234419
35090.8,0.5693234419
35143.4,0.5693234419
35196,0.5693234419
35229.2,0.5693234419
35261.2,0.5693234419
35303.8,0.5693234419
35382.3,0.5693234419
35460.7,0.5693234419
35521.2,0.5693234419
35576.5,0.5693234419
35652.9,0.5693234419
35726.5,0.5693234419
35800.1,0.5693234419
35891.3,0.5693234419
35982.5,0.5693234419
36073.7,0.5693234419
36164.8,0.5693234419
36256,0.5693234419
36347.2,0.5693234419
36413.5,0.5693234419
36479.9,0.5693234419
36516.9,0.5693234419
36584.3,0.5693234419
36648.4,0.5693234419
36712.4,0.5693234419
36792.3,0.5693234419
36872.2,0.5693234419
36926.7,0.5693234419
36936.5,0.5693234419
36954.2,0.5693234419
36972.8,0.5693234419
37035.7,0.5693234419
37094.4,0.5693234419
37107.5,0.5693234419
37119.8,0.5693234419
37181,0.5693234419
37235.9,0.5693234419
37245.8,0.8228161799
37272.5,0.8228161799
37280.3,0.8228161799
37288.9,0.8228161799
37296.1,0.8228161799
37303.3,0.8228161799
37327.3,0.8228161799
37344.9,0.8228161799
37353.4,0.8228161799
37362.5,0.8228161799
37371.1,0.8228161799
37380.2,0.8228161799
37423.9,0.8228161799
37488,0.8228161799
37541.5,0.8228161799
37551.4,0.8228161799
37571.3,0.8228161799
37581.8,0.8228161799
37593.1,0.8228161799
37603.6,0.8228161799
37614.9,0.8228161799
37625.4,0.8228161799
37636,0.8228161799
37645.8,0.8228161799
37654.4,0.8228161799
37662.1,0.8228161799
37667.7,0.8228161799
37672,0.8228161799
37675.8,0.8228161799
37679.1,0.8228161799
37693.2,0.8228161799
37696.8,0.8228161799
37709.5,0.8228161799
37712.9,0.8228161799
37721.9,0.8228161799
37729,0.8228161799
37750.6,0.8228161799
37800.4,0.8228161799
37806.2,0.8228161799
37825.9,0.8228161799
37831.1,0.8228161799
37835.4,0.8228161799
37840.6,0.8228161799
37846.4,0.8228161799
37852.1,0.8228161799
37889.1,0.8228161799
37915.8,0.8228161799
37921,0.8228161799
37926.2,0.8228161799
37947.1,0.8228161799
37976.6,0.8228161799
37982.5,0.8228161799
37989.4,0.8228161799
37996.1,0.8228161799
38003,0.8228161799
38009.8,0.8228161799
38016.5,0.8228161799
38023.2,0.8228161799
38029.8,0.8228161799
38035.5,0.8228161799
38042.2,0.8228161799
38055.2,0.8228161799
38061.1,0.8228161799
38066.9,0.8228161799
38073.6,0.8228161799
38079.3,0.8228161799
38092.2,0.8228161799
38109.9,0.8228161799
38116.2,0.8228161799
38121.8,0.8228161799
38131.9,0.8228161799
38137,0.8228161799
38141.2,0.8228161799
38146.3,0.8228161799
38150.6,0.8228161799
38154.3,0.8228161799
38158.6,0.8228161799
38162.1,0.8228161799
38166.4,0.8228161799
38170.2,0.8228161799
38174,0.8228161799
38179,0.8228161799
38182.8,0.8228161799
38186.6,0.8228161799
38190.2,0.8228161799
38194.9,0.8228161799
38198.5,0.8228161799
38213.1,0.8228161799
38217.6,0.8228161799
38221.2,0.8228161799
38224.8,0.8228161799
38229.4,0.8228161799
38237.6,0.8228161799
38241.2,0.8228161799
38244.9,0.8228161799
38249.4,0.8228161799
38253,0.8228161799
38257.7,0.8228161799
38275,0.8228161799
38278.8,0.8228161799
38283.3,0.8228161799
38286.9,0.8228161799
38290.5,0.8228161799
38298.8,0.8228161799
38303.3,0.8228161799
38306.9,0.8228161799
38310.7,0.8228161799
38315.3,0.8228161799
38323.4,0.8228161799
38327.1,0.8228161799
38331.6,0.8228161799
38335.4,0.8228161799
38339,0.8228161799
38347.2,0.8228161799
38350.8,0.8228161799
38355.5,0.8228161799
38359.1,0.8228161799
38362.7,0.8228161799
38374.5,0.8228161799
38379.2,0.8228161799
38382.8,0.8228161799
38386.4,0.8228161799
38390.1,0.8228161799
38394.7,0.8228161799
38398.3,0.8228161799
38402,0.8228161799
38405.6,0.8228161799
38410.1,0.8228161799
38425.6,0.8228161799
38430.1,0.8228161799
38433.8,0.8228161799
38438.3,0.8228161799
38441.9,0.8228161799
38450.1,0.8228161799
38454.7,0.8228161799
38458.3,0.8228161799
38462.8,0.8228161799
38466.5,0.8228161799
38488.3,0.8228161799
38492.8,0.8228161799
38496.4,0.8228161799
38501,0.8228161799
38505.6,0.8228161799
38513.9,0.8228161799
38517.5,0.8228161799
38521.3,0.8228161799
38525.1,0.8228161799
38528.9,0.8228161799
38540.2,0.8228161799
38544,0.8228161799
38547.6,0.8228161799
38555.3,0.8228161799
38565.9,0.8228161799
38587.1,0.8228161799
38589.2,0.8228161799
38590.3,0.8228161799
38597.9,0.8228161799
38606.5,0.8228161799
38628.6,0.8228161799
38651.6,0.8228161799
38658.2,0.8228161799
38663.9,0.8228161799
38669.7,0.8228161799
38676.3,0.8228161799
38694.4,0.8228161799
38733.8,0.8228161799
38740.5,0.8228161799
38746.8,0.8228161799
38753.5,0.8228161799
38760.6,0.8228161799
38768.2,0.8228161799
38774.1,0.8228161799
38802.6,0.8228161799
38830.2,0.8228161799
38859.5,0.8228161799
38906.6,0.8228161799
38915.2,0.8228161799
38922.4,0.8228161799
38931,0.8228161799
38938.2,0.8228161799
38974.9,0.8228161799
38988.4,0.8228161799
39002.7,0.8228161799
39019.1,0.8228161799
39068.3,0.8228161799
39073.7,0.8228161799
39084.3,0.8228161799
39096.3,0.8228161799
39101.3,0.8228161799
39112.5,0.8228161799
39128,0.8228161799
39133,0.8228161799
39136.7,0.8228161799
39141,0.8228161799
39145.9,0.8228161799
39154.4,0.8228161799
39158.7,0.8228161799
39163.9,0.8228161799
39168.2,0.8228161799
39172.5,0.8228161799
39177.7,0.8228161799
39182,0.8228161799
39187.2,0.8228161799
39190.1,0.8228161799
39195.3,0.8228161799
39199.6,0.8228161799
39203.4,0.8228161799
39208.6,0.8228161799
39212.9,0.8228161799
39217.2,0.8228161799
39221.5,0.8228161799
39225.8,0.8228161799
39230.1,0.8228161799
39234.4,0.8228161799
39238.8,0.8228161799
39243.1,0.8228161799
39247.3,0.8228161799
39251.6,0.8228161799
39260.1,0.8228161799
39264.4,0.8228161799
39267.9,0.8228161799
39277.1,0.8228161799
39288.4,0.8228161799
39291.9,0.8228161799
39296.2,0.8228161799
39311,0.8228161799
39325.7,0.8228161799
39339.2,0.8228161799
39354.8,0.8228161799
39368.2,0.8228161799
39382.9,0.8228161799
39398.4,0.8228161799
39413.9,1
39430.3,1
39444.9,1
39460.3,1
39475.8,1
39492.1,1
39508.4,1
39524.8,1
39542,1
39559.3,1
39577.5,1
39594.2,1
39611.7,1
39627.9,1
39645,1
39666.1,1
39688.7,1
39701.4,1
39713.3,1
39724.6,1
39737.2,1
39748.5,1
39759.8,1
39772.4,1
39784.4,1
39796.3,1
39809,1
39821.6,1
39834.3,1
39846.9,1
39859.6,1
39872.2,1
39885.6,1
39898.2,1
39911.6,1
39924.2,1
39938.3,1
39951,1
39964.3,1
39977,1
39991,1
40003.7,1
40017,1
40029.7,1
40043.1,1
40056.4,1
40068.4,1
40081.7,1
40095.1,1
40107.8,1
40121.1,1
40133.8,1
40147.1,1
40159.1,1
40171.7,1
40184.4,1
40197.1,1
40209.7,1
40223.1,1
40235.1,1
40247.7,1
40259.7,1
40272.3,1
40284.3,1
40296.9,1
40308.2,1
40318.7,1
40328.6,1
40337.1,1
40345.5,1
40353.9,1
40361.7,1
40367.6,1
40375.2,1
40381.5,1
40389.1,1
40396.8,1
40406.3,1
40415.9,1
40428.2,1
40440.6,1
40454,1
40468.7,1
40484.5,1
40500.2,1
40517.3,1
40534.4,1
40552.2,1
40570.2,1
40588.3,1
40606.4,1
40625.1,1
40644.6,1
40663.2,1
40681.9,1
40700.5,1
40719.2,1
40737.3,1
40756.5,1
40774.3,1
40791.5,1
40808.8,1
40826,1
40841.8,1
40857,1
40871.9,1
40886.3,1
40901.5,1
40915.3,1
40928.6,1
40941.9,1
40955.8,1
40969.1,1
40981.9,1
40995.3,1
41009.1,1
41024.7,1
41038.5,1
41053.7,1
41068.9,1
41085,1
41100.8,1
41116,1
41133,1
41148.9,1
41164.4,1
41181.2,1
41197.9,1
41213.9,1
41230.4,1
41246.6,1
41264.1,1
41280.5,1
41297.4,1
41313.1,1
41328.6,1
41345,1
41359.9,1
41374.6,1
41388.2,1
41401.1,1
41415.4,1
41428,1
41440.8,1
41452.7,1
41464,1
41475.5,1
41486.4,1
41496.8,1
41507.7,1
41518.2,1
41528.6,1
41538.6,1
41548.1,1
41557.6,1
41567.1,1
41576.1,1
41585.6,1
41595.1,1
41603.2,1
41613.1,1
41621.5,1
41629.5,1
41639.1,1
41649.2,1
41658.5,1
41669.1,1
41679.8,1
41691.3,1
41702.7,1
41714.7,1
41727.7,1
41739.4,1
41751.8,1
41765.2,1
41778.6,1
41792,1
41805.3,1
41819.9,1
41833.4,1
41847,1
41860.4,1
41876.1,1
41889.5,1
41905.1,1
41919.6,1
41934.1,1
41948.5,1
41963.1,1
41979.1,1
41993.5,1
42008.3,1
42024.4,1
42039.6,1
42054.8,1
42071,1
42085.8,1
42101,1
42117.6,1
42133.7,1
42149.4,1
42165.5,1
42182.7,1
42200.4,1
42217.2,1
42234.8,1
42253.1,1
42271.5,1
42289.7,1
42306,1
42324.3,1
42341.2,1
42356.7,1
42373.5,1
42389,1
42403.1,1
42417.2,1
42429.9,1
42441.3,1
42452.6,1
42463.1,1
42472.2,1
42480.7,1
42490,1
42499.8,1
42509.7,1
42518.2,1
42528.1,1
42537.4,1
42545.9,1
42555.8,1
42563.5,1
42571.5,1
42580,1
42588,1
42595.7,1
42602.9,1
42610.7,1
42617.7,1
42624.9,1
42631.9,1
42638.9,1
42645.3,1
42652.3,1
42658,1
42665,1
42671.3,1
42677.1,1
42682.7,1
42688.4,1
42694.2,1
42699.9,1
42705.7,1
42712.3,1
42717.5,1
42722.7,1
42728.6,1
42734.4,1
42741.2,1
42747.9,1
42753.5,1
42760.7,1
42767.4,1
42774.5,1
42780.9,1
42788.6,1
42797.2,1
42805.1,1
42813.6,1
42822.5,1
42831.8,1
42840.9,1
42850,1
42859.2,1
42868.4,1
42877.9,1
42887.9,1
42897.9,1
42906.1,1
42916.3,1
42925.2,1
42934.1,1
42943.1,1
42950.9,1
42958.1,1
42966.1,1
42973.7,1
42980.9,1
42988.1,1
42995.2,1
43000.9,1
43006.5,1
43013.7,1
43019.1,1
43025.6,1
43032.7,1
43039.1,1
43046.9,1
43054.1,1
43061.8,1
43070.4,1
43079.1,1
43088.3,1
43097.5,1
43106.7,1
43116.5,1
43126.4,1
43135.5,1
43145.4,1
43154.5,1
43164.4,1
43172.9,1
43183.5,1
43192.4,1
43200.6,1
43209.1,1
43218.2,1
43226.4,1
43233.7,1
43241.3,1
43248,1
43254.7,1
43261.8,1
43267.4,1
43273.1,1
43279.8,1
43285.6,1
43291.2,1
43296.9,1
43302.5,1
43308.4,1
43315,1
43321.6,1
43328,1
43336.4,1
43343.5,1
43350.5,1
43358.2,1
43366.7,1
43375.1,1
43383.5,1
43392.7,1
43401.8,1
43411,1
43420.8,1
43430.7,1
43440.5,1
43450.4,1
43460.9,1
43471.5,1
43481.3,1
43491.9,1
43501.7,1
43513,1
43523.6,1
43534.8,1
43545.4,1
43555.9,1
43566.5,1
43578.4,1
43589.7,1
43600.9,1
43613.6,1
43624.1,1
43636.1,1
43648,1
43659.3,1
43671.2,1
43682.5,1
43694.4,1
43706.4,1
43717.7,1
43729.6,1
43740.9,1
43752.8,1
43764.8,1
43776,1
43788,1
43800.6,1
43811.9,1
43823.8,1
43836.5,1
43848.4,1
43860.4,1
43872.4,1
43885,1
43901.9,1
43911,1
43923,1
43935.7,1
43947.6,1
43959.6,1
43972.3,1
43984.2,1
43996.2,1
44007.4,1
44019.4,1
44031.3,1
44043.3,1
44055.3,1
44067.2,1
44079.2,1
44091.2,1
44102.4,1
44114.4,1
44126.3,1
44138.3,1
44150.3,1
44162.9,1
44174.9,1
44186.9,1
44186.9,1
